{
  "extends": [
    "tslint:recommended",
    "tslint-eslint-rules"
  ],
  "rules": {
    // tslint-eslint
    "array-bracket-spacing": [true, "never"],
    "brace-style": [true, "stroustrup"],
    "object-curly-spacing": [true, "always"],
    // General
    "no-non-null-assertion": true,
    "no-switch-case-fall-through": true,
    "one-line": [true, "check-open-brace"],
    "align": false,
    "import-blacklist": [true, "rxjs", "rxjs/Rx"],
    "indent": [true, "tabs"],
    "interface-name": false,
    "no-bitwise": true,
    "no-conditional-assignment": true,
    "no-console": [true, "time", "timeEnd", "trace"],
    "no-empty-interface": false,
    "max-line-length": [true, 140],
    "no-string-literal": false,
    "object-literal-sort-keys": false,
    "only-arrow-functions": [true, "allow-named-functions"],
    "ordered-imports": true,
    "prefer-for-of": true,
    "prefer-object-spread": true,
    "quotemark": [true, "single", "avoid-escape"],
    "trailing-comma": [false, {"multiline": "always", "singleline": "never"}],
    "variable-name": [true, "allow-leading-underscore", "allow-pascal-case", "ban-keywords", "check-format"]
  }
}
